{
  "name": "Q# Dev Container",
  "build": {
    "dockerfile": "Dockerfile",
    "context": ".."
  },

  // Dossier vu par VS Code à l'intérieur du container
  "workspaceFolder": "/workspace",

  // Monte le repo local dans /workspace
  "workspaceMount": "source=${localWorkspaceFolder},target=/workspace,type=bind",

  "settings": {
    "terminal.integrated.defaultProfile.linux": "bash",
    "editor.formatOnSave": true
  },

  "customizations": {
    "vscode": {
      "extensions": [
        // Q# + Azure Quantum Development Kit (langage, debug, etc.)
        "quantum.qsharp-lang-vscode",
        "quantum.qsharp-lang-vscode-dev",
        // C#/.NET (utile pour tooling autour de dotnet)
        "ms-dotnettools.csharp",
        // Qualité de vie
        "ms-azuretools.vscode-docker",
        "eamodio.gitlens",
        "ms-vscode.cpptools"
      ]
    }
  },

  // Commande exécutée après création du container
  "postCreateCommand": "dotnet --info && dotnet new list",

  // Tu peux laisser root ou créer un user non root si tu veux pousser plus loin
  "remoteUser": "root"
}
